"ArchiveGroup","RelativePath","LengthBytes","LastWriteTimeUtc","Sha256"
"csvs","data\audit\home_repair_audit_sample_20260529_185336.csv","310007","2026-05-29T22:53:37.0627242Z","8F78809DBA2C6BBAAD848474385616BBF5BDC733D0E6D23B2FA477D7703511AB"
"csvs","data\audit\home_repair_audit_sample_20260529_185551.csv","286322","2026-05-29T22:55:52.4832196Z","BD2E18745D54BB982DB4DBAFB06B0275365FC45665033EE1FFFE689CB9E7882F"
"csvs","data\audit\home_repair_audit_sample_20260529_185646.csv","286726","2026-05-29T22:56:47.6665042Z","1A655C16AC2354A8F7173C08B51E33968145F0054A8A98CD9DDFD03C037A41EE"
"csvs","data\labeling\home_repair_labeling_20260529_184535.csv","1788179","2026-05-29T22:45:35.3187177Z","559ECEC0E870C2802AAAC44BEF65937C2EF0271F65062CFF90C980C61846304D"
"csvs","data\raw\reddit_home_repair_posts_20260529_183730.csv","19133","2026-05-29T22:37:33.9313785Z","5C6C13EBFAF6C41E5DBE81975C32D240ACF5F1858F8D1131BD5AE5F72F489FD0"
"csvs","data\raw\reddit_home_repair_posts_20260529_184039.csv","1727808","2026-05-29T22:41:19.0379793Z","643154CC1871EAD4CAC337EE617287E2E76DD9AD024B56841AD5D4FF0B0FF91C"
"csvs","data\raw\reddit_home_repair_posts_20260529_184211.csv","1560062","2026-05-29T22:42:48.2440918Z","8FAC5487F7231BD005154663B520AC73A2C462BBCDF825B8B65C58144BF9C0CB"
"csvs","data\raw\reddit_home_repair_posts_20260529_184424.csv","1779904","2026-05-29T22:45:24.8145226Z","3A8D6472186D6DB039D3448A2FB819ADAB4F08D3115D83FCA7DE9C9183EC157E"
"csvs","data\training\home_repair_training_weak_20260529_185336.csv","1582618","2026-05-29T22:53:37.0587240Z","202C528AB1BC4FA65960E64CC11B42363BE0783705D7A91B5F06CC3FC45222C0"
"csvs","data\training\home_repair_training_weak_20260529_185551.csv","1546462","2026-05-29T22:55:52.4819169Z","F7860F30258E7A964A2E9AAE5F9E724AA630A429755C5E9B81633F5107593DF4"
"csvs","data\training\home_repair_training_weak_20260529_185646.csv","1548312","2026-05-29T22:56:47.6654176Z","30BBACB8BE882359FD13637D1BBD72C00F8FCA65C19CB4731A09D9365F561ACE"
"csvs","data\weak_labels\home_repair_weak_labeled_20260529_185336.csv","1909581","2026-05-29T22:53:37.0307147Z","6E7DB9DAC9C01A46E307267AEEC7188179561BBED49F7DB9F1CE97399FBCD191"
"csvs","data\weak_labels\home_repair_weak_labeled_20260529_185551.csv","1905022","2026-05-29T22:55:52.4495113Z","978469DD771C12040353C634560C66D6233C317F3B0ADAB9217EC844356203FD"
"csvs","data\weak_labels\home_repair_weak_labeled_20260529_185646.csv","1907316","2026-05-29T22:56:47.6464758Z","5D8A3764CA6009F4203C50FC0CE5AFAA54675242567BA8883660E75D515DFB4C"
"jsonl","data\raw\reddit_home_repair_posts_20260529_183730.jsonl","19949","2026-05-29T22:37:33.9303785Z","D975497A775A7BF12B609363771F92B54E398D2DDCF18A1035D5B242357EA63A"
"jsonl","data\raw\reddit_home_repair_posts_20260529_184039.jsonl","1868959","2026-05-29T22:41:19.0027216Z","E69195ABBDD78147EA31EAF3ECF27A3028783497E76DE934A533D8CB168D0E41"
"jsonl","data\raw\reddit_home_repair_posts_20260529_184211.jsonl","1701367","2026-05-29T22:42:48.2340835Z","DCA5FF93AFD563FD6C01220B5BD1F21A81B26573CF8F0B8D7A6D6C41B910CC35"
"jsonl","data\raw\reddit_home_repair_posts_20260529_184424.jsonl","1920593","2026-05-29T22:45:24.7922252Z","0B91E7E8F63C0E133B644BC174B96544D49A7913812976C5BF32D2CE11745628"
"models_reports","models\best_model_linear_svm_20260529_185518.joblib","337152","2026-05-29T22:55:18.1847337Z","33A2B996F632516AF6B42CAB68B847B863C742D443674D232253B21E88FF35A4"
"models_reports","models\best_model_logistic_regression_20260529_185604.joblib","331812","2026-05-29T22:56:04.1812326Z","1EBBF105E63442679D6486B37FAD00D9E3D3B553BE72AF43E85771899779B4C0"
"models_reports","models\best_model_logistic_regression_20260529_185652.joblib","331812","2026-05-29T22:56:52.5967310Z","9599D1FE2C46521870B9E9EC032A1D919891FF9FB95AAF4340C7BA83A440996C"
"models_reports","reports\model_report_20260529_185518.txt","3974","2026-05-29T22:55:18.1472863Z","4EAEB264AA0AD9C4C66E2A4F9053072966DCD6296A684CEC0C66029FDFB31095"
"models_reports","reports\model_report_20260529_185604.txt","3980","2026-05-29T22:56:04.1525300Z","5C10AB8723AB150D95A953950EA36D6DA0027D6F37CC6AA66526D41868730670"
"models_reports","reports\model_report_20260529_185652.txt","3980","2026-05-29T22:56:52.5666100Z","27A6560FFBF1E163C92C555B733C683A25C6A1C46A2D112138C4807B58496F0D"
