"RelativePath","LengthBytes","LastWriteTimeUtc","Sha256"
"data\labeling\home_repair_labeling_20260604_172614.csv","4865683","2026-06-04T21:27:54.3505229Z","86023ECEB3AFF02384435CF43C836F30644D94F90775CAB55DB6FCB7B671291F"
"data\manual_review\manual_review_reviewer_1_Patrick_20260604_172815.csv","157731","2026-06-04T21:28:16.0667070Z","A033484C95B23039D8E5AABEDB315F806F7771908EAA8B0E20D4A71BA9FECC99"
"data\manual_review\manual_review_reviewer_2_Sarah_20260604_172815.csv","218458","2026-06-04T21:28:16.0821620Z","EB0D58D7BF34B37D7DF1F09C31930F1B76F384F1DD78851BE71A7566AA2464FB"
"data\manual_review\manual_review_reviewer_3_Max_20260604_172815.csv","174430","2026-06-04T21:28:16.0838741Z","DE72D242ACAF25A0F7A0814EDB5BDD8C160D92936584A6C66287BE127EE3D9A8"
"data\manual_review\manual_review_reviewer_4_Manthan_20260604_172815.csv","176490","2026-06-04T21:28:16.0838741Z","BCEDF303880D594BF3BBEA1042C8D496D5DAF23921B5545AB669A65756C3F8A3"
"data\manual_review\manual_review_set_20260604_172815.csv","725939","2026-06-04T21:28:15.9948823Z","A9580DFDD41C107A42918B090ED19EB4D14697B38EAD17EB901EC88A82D7517D"
"data\raw\reddit_home_repair_posts_20260604_172614.csv","4843658","2026-06-04T21:27:47.9589276Z","47BD096AFCFE5A7898B524B42806791E11D66270DA73FCE04399143520D923E0"
"data\raw\reddit_home_repair_posts_20260604_172614.jsonl","5219189","2026-06-04T21:27:47.8936583Z","B6F1701C77ECDC04FE46B8FEF8DFEA27D186CFCB9DDA0EBF87617B8C56C841EB"
"data\splits\weak_manual_split_summary_20260604_172815.json","1251","2026-06-04T21:28:16.0838741Z","BFA7940247315EF7F5B7FABC64F75D78E157C8E3365F577D7749746ECBFE3A85"
"data\training\home_repair_training_weak_20260604_172800.csv","4049157","2026-06-04T21:28:02.8337702Z","698E04BFE422FF5C9CA2345A6300870DF8E03DFB86FF52D3A760B1676B9B2A78"
"data\training\weak_training_pool_20260604_172815.csv","3525439","2026-06-04T21:28:16.0426035Z","4DB8B44495A1584B5614480411175416DDC3F57F21EEFA27CC63B7C4C743156A"
"data\weak_labels\home_repair_weak_labeled_20260604_172800.csv","5189055","2026-06-04T21:28:02.7820631Z","69081AC2C4D38A0F44F32837FF159DC510DA156C20466E7481FA456CF4262524"
"models\best_model_random_forest_20260604_172833.joblib","6439005","2026-06-04T21:28:33.5829021Z","A3297C0C8192BB9616D52DCC52406FE5512D007AB98EC8DF8B695E571304E25D"
"reports\model_report_20260604_172833.txt","3596","2026-06-04T21:28:33.4739913Z","E13BE9EACDCF0DE0319B9F8AF8D17B2519B951B101D1063C6BBDD9E167639E50"
